{
    "map_1": [
        "🟩🟩🟩🟩🟩🟩🟩🟩🟩🟩🟩🟩🟩🟩🟩🟨🟨🌊🌊🌊",
        "🟩🟩🟩🟩🟩🟩🟩🟩🟩⬛⬛⬛⬛🟩🟨🟨🌊🌊🌊🌊",
        "🟩🟩🟩🟩🟩🟩🟩🟩🟩⬛🟩🟩⬛🟩🟩🟨🟨🟨🌊🌊",
        "🟩🟩🟩🟩🟩🟩🟩🟩🟩⬛🟩🟩⬛🟩🟨🟨🟨🌊🌊🌊",
        "🟩🟩🟩🟩🌴🟩🟩🟩🟩🟩🟩🟩🟩🟩🟩🟨🌊🌊🌊🌊",
        "🟩🟩🟩🟩🟩🟩🟩🟩🟩🟩🟩🟩🟩🟩🟩🟨🟨🌊🌊🌊",
        "🟩🟩🟩🟩🟩🟩🟩🌴🟩🟩🟩🟩🟩🟩🟩🟨🟨🟨🌊🌊",
        "🌴🟩🟩🟩🟩🌴🟩🟩🟩🟩🟩🟩🟩🟩🟩🟩🟨🟨🟨🌊",
        "🟩🟩🟩🟩🟩🟩🟩🟩🟩🟩🟩🟩🟩🟩🟩🟩🟩🟨🟨🟨",
        "🟩🟩🌴🟩🟩🟩🟩🌴🟩🟩🟩🟩🟩🟩🟩🟩🟩🟩🟩🟨",
        "🟩🟩🟩🟩🟩🟩🟩🟩🟩🟩🟩🟩⬛⬛⬛⬛🟩🟩🟩🟩",
        "🟩🟩🟩🟩🟩🟩🟩🟩🟩🟩🟩🟩⬛🟩🟩⬛🟩🟩🟩🟩",
        "🟩🟩🟩🟩🟩🟩🟩🟩🟩🟩🟩🟩⬛🟩🟩⬛🟩🟩🟩🟩",
        "🟩🟩🟩⬛⬛⬛⬛🟩🟩🟩🟩🟩🟩🟩🟩🟩🟩🟩🟩🟩",
        "🟩🟩🟩⬛🟩🟩⬛🟩🟩🟩🟩🟩🟩🟩🟩🟩🟩🟩🟩🟩",
        "🟩🟩🟩⬛🟩🟩⬛🟩🟩🟩🟩🟩🟩🟩🟩🟩🟩🟩🕳️🟩",
        "🟩🟩🟩🟩🟩🟩🟩🟩🟩🟩🟩🟩🟩🟩🌴🟩🟩🟩🟩🟩",
        "🟩🟩🟩🟩🟩🟩🟩🟩🟩🟩🟩🟩🌴🟩🟩🟩🟩🟩🟩🌴",
        "🟩🟩🟩🟩🟩🟩🟩🟩🟩🟩🟩🟩🟩🟩🟩🟩🌴🟩🟩🟩",
        "🟩🟩🟩🟩🟩🟩🟩🟩🟩🟩🟩🟩🟩🟩🌴🟩🟩🟩🟩🟩",
        "🟩🟩🟩🟩🟩🟩🟩🟩🟩🌴🟩🟩🟩🟩🟩🟩🟩🌴🟩🟩",
        "🟩🟩🟩🟩🟩🟩🟩🟩🟩🟩🟩🟩🟩🟩🟩🌴🟩🟩🟩🟨",
        "🟩🟩🟩🟩🟩🟩🟩🟩🟩🟩🟩🌴🟩🟩🟩🟩🟩🟨🟨🟨",
        "🟩🟩🟩🟩🟩🟩🟩🟩🟩🟩🟩🟩🟩🟩🟩🟨🟨🟨🌊🌊",
        "🟩🟩⬛⬛⬛⬛🟩🟩🟩🟩🟩🟩🟩🟩🟨🟨🟨🌊🌊🌊",
        "🟩🟩⬛🟩🟩⬛🟩🟩🟩🌴🟩🟩🟩🟩🟩🟩🟨🟨🌊🌊",
        "🟩🟩⬛🟩🟩⬛🟩🟩🟩🟩🟩🟩🟩🟩🟩🟨🟨🟨🌊🌊",
        "🟩🟩🟩🟩🟩🟩🟩🟩🟩🟩🟩🟩🟩🟩🟨🟨🟨🌊🌊🌊",
        "🟩🟩🟩🟩🟩🟩🟩🟩🟩🟩🟩🟩🟩🟩🟩🟨🟨🟨🌊🌊",
        "🟩🟩🟩🟩🟩🟩🟩🟩🟩🟩🟩🟩🟩🟩🟨🟨🟨🌊🌊🌊"
    ],
    "map_2": [
        "⬜🟦🟦🌊🌊🌊🌊🌊🌊🌊🌊🌊🌊🌊🌊🌊🌊🌊🌊🌊",
        "⬜⬜⬜🟦🟦🌊🌊🌊🌊🌊🌊🌊🌊🌊🌊🌊🌊🌊🌊🌊",
        "⬜⬜⬜⬜🟦🟦🟦🟦🌊🌊🌊🌊🌊🌊🌊🌊🌊🌊🌊🌊",
        "⬜⬜⬜⬜⬜⬜🟦🟦🟦🟦🟦🌊🌊🌊🌊🌊🌊🌊🌊🌊",
        "⬜⬜⬜⬜⬜⬜⬜⬜🟦🟦🟦🟦🟦🟦🌊🌊🌊🌊🌊🌊",
        "⬜⬜⬜⬜⬜⬜⬜⬜⬜⬜🟦🟦🟦🟦🟦🟦🟦🌊🌊🌊",
        "⬜⬜⬜⬜⬜⬜⬜⬜⬜⬜⬜⬜⬜🟦🟦🟦🟦🌊🌊🌊",
        "⬜⬜⬜⬜⬜⬜⬜⬜⬜⬜⬜⬜⬜⬜⬜🟦🟦🟦🟦🟦",
        "⬜⬜⬜⬜⬜⬜⬜⬜⬜⬜⬜⬜⬜⬜⬜⬜⬜🟦🟦🟦",
        "⬜⬜⬜⬜⬜⬜⬜⬜⬜⬜⬜⬜⬜⬜⬜⬜⬜⬜⬜⬜",
        "⬜⬜🌲⬜⬜🌲⬜⬜🌲⬜⬜⬜🌲⬜⬜🌲⬜⬜🌲⬜",
        "⬜⬜⬜⬜⬜⬜⬜⬜⬜⬜⬜⬜⬜⬜⬜⬜⬜⬜⬜⬜",
        "⬜⬜⬜⬜⬜⬜⬜⬜⬜⬜⬜⬜⬜⬜⬜⬜⬜⬜⬜⬜",
        "⬜⬜🌲⬜⬜⬛⬛⬛⬛⬛⬛⬛⬛⬛⬛⬛⬜⬜🌲⬜",
        "⬜⬜⬜⬜⬜⬛⬜⬜⬜⬜⬜⬜⬜⬜⬜⬛⬜⬜⬜⬜",
        "⬜⬜⬜⬜⬜⬜⬜⬜⬜⬜⬛⬜⬜⬜⬜⬜⬜⬜⬜⬜",
        "⬜⬜🌲⬜⬜⬛⬛⬜⬜⬛⬛⬛⬜⬜⬛⬛⬜⬜🌲⬜",
        "⬜⬜⬜⬜⬜⬜⬜⬜⬜⬜⬛⬜⬜⬜⬜⬜⬜⬜⬜⬜",
        "⬜⬜⬜⬜⬜⬛⬜⬜⬜⬜⬜⬜⬜⬜⬜⬛⬜⬜⬜⬜",
        "⬜⬜🌲⬜⬜⬛⬛⬛⬛⬛⬛⬛⬛⬛⬛⬛⬜⬜🌲⬜",
        "⬜⬜⬜⬜⬜⬜⬜⬜⬜⬜⬜⬜⬜⬜⬜⬜⬜⬜⬜⬜",
        "⬜⬜⬜⬜⬜⬜⬜⬜⬜⬜⬜⬜⬜⬜⬜⬜⬜⬜⬜⬜",
        "⬜⬜🌲⬜⬜🌲⬜⬜🌲⬜⬜⬜🌲⬜⬜🌲⬜⬜🌲⬜",
        "⬜⬜⬜⬜⬜⬜⬜⬜⬜⬜⬜⬜⬜⬜⬜⬜⬜⬜⬜⬜",
        "⬜⬜⬜⬜⬜⬜⬜⬜⬜⬜⬜⬜⬜⬜⬜⬜⬜⬜⬜⬜",
        "⬜⬜⬜⬜⬜⬜⛄⬜⬜⬜⛄⬜⬜⬜⛄⬜⬜⬜⬜⬜",
        "⬜⬜⬜⬜⬜⬜⬜⬜⬜⬜⬜⬜⬜⬜⬜⬜⬜⬜⬜⬜",
        "⬜⬜⬜⬜⬜⬜⬜⬜⬜⬜⬜⬜⬜⬜⬜⬜⬜⬜⬜⬜",
        "⬜⬜⬜⬜⬜⬜⬜⬜⬜⬜⬜⬜⬜⬜⬜⬜⬜⬜⬜⬜",
        "⬜⬜⬜⬜⬜⬜⬜⬜⬜⬜⬜⬜⬜⬜⬜⬜⬜⬜⬜⬜"
    ],
    "map_3": [
        "🌊🌊🌊🌊🌊🌊🌊🌊🌊🌊🌊🌊🌊🌊🌊🌊🌊🌊🌊🌊",
        "🌊🌊🌊🌊🌊🌊🌊🌊🌊🌊🌊🌊🌊🌊🌊🌊🌊🌊🌊🌊",
        "🌊🌊🌊🌊🌊🌊🌊🌊🌊🌊🌊🌊🌊🌊🌊🌊🌊🌊🌊🌊",
        "🌊🌊🌊🌊🌊🌊🌊🌊🌊🌊🌊🌊🌊🌊🌊🌊🌊🌊🌊🌊",
        "🌊🌊🌊🌊🌊🌊🌊🌊🌊🌊🌊🌊🌊🌊🌊🌊🌊🌊🌊🌊",
        "🟦🟦🟦🟦🟦🟦🟦🟦🟦🟦🟦🟦🟦🟦🟦🟦🟦🌊🌊🌊",
        "⬜⬜⬜⬜⬜⬜⬜🌲⬜⬜⬜⬜⬜🟦🟦🟦🟦🟦🌊🌊",
        "🌲⬜⬜⬜⬜🌲⬜⬜⬜⬜⬜⬜⬜⬜⬜⬜🟦🟦🟦🌊",
        "⬜⬜⬜⬜⬜⬜⬜🌲⬜⬜⬜⬜⬜⬜⬜🟦🟦🟦🌊🌊",
        "⬜⬜⬜⬜⬜⬜⬜🌲⬜⬜⬜⬜⬜⬜⬜⬜🟦🟦🟦🌊",
        "⬜⬜⬜⬜⬜⬜⬜⬜⬜⬜⬜⬜⬜⬜⬜⬜⬜⬜🟦🟦",
        "⬜⬜⬜⬜⬜⬜⬜⬜⬜⬜⬜⬜⬜⬜🌲⬜⬜⬜⬜⬜",
        "⬜⬜⬜⬜⬜⬜⬜⬜⬜⬜⬜⬜🌲⬜⬜⬜⬜⬜⬜🌲",
        "⬜⬜⬜⬜⬜⬛⬛⬛⬛⬛⬜⬜⬜⬜⬜⬜⬜⬜⬜⬜",
        "⬜⬜⬜⬜⬜⬛⬜⬜⬜⬛⬜⬜⬜⬜⬜⬜⬜⬜⬜⬜",
        "⬜⬜⬜⬜⬜⬜⬜⬜⬜⬛⬜⬜⬜⬜⬜⬜⬜⬜⬜⬜",
        "⬜⬜⬜⬜⬜⬛⬛⬛⬛⬛⬜⬜⬜⬜⬜⬜⬜⬜⬜⬜",
        "⬜⬜⬜⬜⬜⬜⬜⬜⬜⬜⬜⬜🌲⬜⬜⬜⬜⬜⬜🌲",
        "⬜⬜⬜⬜⬜⬜⬜⬜⬜⬜⬜⬜⬜⬜⬜⬜🌲⬜⬜⬜",
        "⬜⬜⬜⬜⬜⬛⬛⬛⬛⬛⬜⬜⬜⬜⬜⬜⬜⬜⬜⬜",
        "⬜⬜⬜⬜⬜⬜⬜⬜⬜🌲⬜⬜⬜⬜⬜⬜⬜🌲⬜⬜",
        "⬜⬜⬜⬜⬜⬜⬜⬜⬜⬜⬜⬜⬜🌲⬜⬜⬜⬜⬜⬜",
        "⬜⬜⬜⬜⬜⬜⬜⬜⬜⬜⬜🌲⬜⬜⬜⬜⬜⬜⬜⬜",
        "⬜⬜⬜⬜⬜⬛⬛⬛⬛⬛⬜⬜⬜⬜⬜⬜⬜⬜⬜⬜",
        "⬜⬜⬜⬜⬜⬛⬜⬜⬜⬛⬜⬜⬜⬜⬜⬜🟦🟦🟦🟦",
        "⬜⬜⬜⬜⬜⬜⬜⬜⬜⬜⬜⬜⬜⬜⬜🟦🟦🌊🌊🌊",
        "⬜⬜⬜⬜⬜⬜⬜🌲⬜⬜⬜⬜⬜⬜⬜🟦🟦🟦🌊🌊",
        "🌲⬜⬜⬜⬜⬜⬜⬜⬜⬜⬜⬜⬜⬜⬜⬜🟦🟦🟦🌊",
        "⬜⬜⬜⬜⬜⬜⬜🌲⬜⬜⬜⬜⬜⬜⬜🟦🟦🟦🌊🌊",
        "⬜⬜⬜⬜⬜⬜⬜🌲⬜⬜⬜⬜⬜⬜⬜🟦🟦🟦🌊🌊"
    ],
    "map_4": [
        "🌊🌊🌊🌊🌊🌊🌊🌊🌊🌊🌊🌊🌊🌊🌊🌊🌊🌊🌊🌊",
        "🌊🌊🌊🌊🌊🌊🌊🌊🌊🌊🌊🌊🌊🌊🌊🌊🌊🌊🌊🌊",
        "🌊🌊🌊🌊🌊🌊🌊🌊🌊🌊🌊🌊🌊🌊🌊🌊🌊🌊🌊🌊",
        "🌊🌊🌊🌊🌊🌊🌊🌊🌊🌊🌊🌊🌊🌊🌊🌊🌊🌊🌊🌊",
        "🌊🌊🟦🌊🌊🟦🌊🌊🌊🌊🌊🌊🌊🟦🟦🌊🌊🌊🌊🟦",
        "🌊🌊🟦🟦🟦🟦🟦🟦🟦🌊🌊🌊🟦🟦🟦🟦🌊🌊🟦🟦",
        "🌊🟦🟦🟦🟦🟦🟦🟦🟦🟦🌊🟦🟦🟦🟦🟦🟦🟦🟦🟦",
        "🟦🟦🟦🟦🟦🟦⬜⬜⬜🟦🟦🟦⬜⬜⬜🟦🟦🟦🟦🟦",
        "🟦🟦🟦⬜⬜⬜⬜⬜⬜⬜🟦⬜⬜⬜⬜⬜🟦🟦🟦🟦",
        "🟦⬜⬜⬜🌲⬜⬜⬜⬜⬜⬜⬜⬜⬜⬜🟦🟦🌊🌊🌊",
        "⬜⬜⬜⬜⬜⬜⬜🌲⬜⬜⬜🌲⬜⬜⬜🟦🟦🟦🌊🌊",
        "🌲⬜⬜⬜⬜⬜⬜⬜⬜⬜⬜⬜⬜⬜⬜⬜🟦🟦🟦🌊",
        "⬜⬜⬜⬜⬜⬛⬛⬛⬛⬛⬜⬜⬜🌲⬜🟦🟦🟦🌊🌊",
        "⬜⬜⬜⬜⬜⬜⬜⬜⬜⬛⬜⬜⬜⬜⬜🟦🟦🟦🌊🌊",
        "⬜⬜🌲⬜⬜⬛⬛⬜⬜⬛⬜⬜⬜⬜⬜⬜⬜🟦🟦🟦",
        "⬜⬜⬜⬜⬜⬜⬜⬜⬜⬛⬜⬜⬜🌲⬜⬜⬜⬜⬜⬜",
        "⬜⬜⬜⬜⬜⬛⬛⬛⬛⬛⬜⬜⬜⬜⬜🌲⬜⬜⬜⬜",
        "⬜⬜⬜⬜⬜⬜⬜🌲⬜⬜⬜⬜🌲⬜⬜⬜⬜⬜⬜🌲",
        "⬜🌲⬜⬜⬜⬜⬜⬜⬜⬜⬜⬜⬜⬜⬜⬜🌲⬜⬜⬜",
        "⬜⬜⬜⬜⬜⬛⬛⬛⬛⬛⬜⬜⬜⬜⬜⬜⬜⬜⬜⬜",
        "⬜⬜⬜⬜⬜⬜⬜⬜⬜⬛⬜⬜⬜⬜⬜⬜⬜🌲⬜⬜",
        "🌲⬜🌲⬜⬜⬜⬜⬜⬜⬛⬜⬜⬜🌲⬜⬜⬜⬜⬜⬜",
        "⬜⬜⬜⬜⬜⬛⬛⬜⬜⬛⬜⬜🌲⬜⬜⬜⬜⬜⬜⬜",
        "⬜⬜🌲⬜⬜⬜⬜⬜⬜⬛⬜⬜⬜⬜⬜🌲⬜⬜⬜⬜",
        "⬜⬜⬜⬜⬜⬜⬜⬜⬜⬛⬜⬜⬜⬜⬜⬜⬜🟦🟦🟦",
        "⬜⬜⬜⬜⬜⬛⬛⬛⬛⬛⬜⬜⬜⬜⬜🟦🟦🌊🌊🌊",
        "⬜⬜⬜⬜⬜⬜⬜🌲⬜⬜⬜⬜⬜⬜⬜⬜🟦🟦🌊🌊",
        "🌲⬜⬜⬜⬜⬜⬜⬜⬜⬜⬜⬜🌲⬜⬜⬜⬜🟦🟦🌊",
        "⬜⬜⬜⬜⬜⬜⬜🌲⬜⬜⬜⬜⬜⬜⬜🌲⬜🟦🌊🌊",
        "⬜⬜⬜⬜⬜⬜⬜🌲⬜⬜⬜⬜⬜⬜⬜⬜⬜🟦🟦🌊"
    ],
    "map_5": [
        "🌊🌊🌊🌊🌊🌊🌊🌊🌊🌊🌊🌊🌊🌊🌊🌊🌊🌊🌊🌊",
        "🌊🌊🌊🌊🌊🌊🌊🌊🌊🌊🌊🌊🌊🌊🌊🌊🌊🌊🌊🌊",
        "🌊🌊🌊🌊🌊🌊🌊🌊🌊🌊🌊🌊🌊🌊🌊🌊🌊🌊🌊🌊",
        "🌊🌊🌊🟨🟨🟨🟨🟨🌊🌊🌊🌊🌊🌊🌊🌊🌊🌊🌊🌊",
        "🌊🌊🌊🟨🌴🌴🌴🟨🌊🌊🌊🌊🌊🌊🌊🌊🌊🌊🌊🌊",
        "🌊🌊🌊🟨🌴🌴🌴🟨🌊🌊🌊🌊🌊🌊🌊🌊🌊🌊🌊🌊",
        "🌊🌊🌊🟨🟨🟨🟨🟨🌊🌊🌊🌊🌊🌊🌊🌊🌊🌊🌊🌊",
        "🌊🌊🌊🌊🌊🌊🌊🌊🌊🌊🌊🌊🌊🌊🌊🌊🌊🌊🌊🌊",
        "🌊🌊🌊🌊🌊🌊🌊🌊🌊🌊🌊🌊🌊🌊🌊🌊🌊🌊🌊🌊",
        "🌊🌊🌊🌊🌊🌊🌊🌊🌊🌊🌊🌊🌊🌊🌊🌊🌊🌊🌊🌊",
        "🟨🟨🟨🟨🟨🟨🟨🟨🟨🟨🟨⬛⬛🟨🟨🟨⬛🟨🟨🟨",
        "🟨🟨🟨🟨🟨🟨🟨🟨🟨🟨🟨⬛⬛🟨🟨⬛⬛⬛🟨🟨",
        "🟨🟨🟨🟨🟨🟨🟨🟨🟨🟨⬛⬛⬛🟨🟨⬛⬛⬛🟨🟨",
        "🟨🟨🟨🟨🟨🟨🟨🟨🟨⬛⬛⬛⬛⬛⬛⬛⬛⬛🟨🟨",
        "🟨🟨🟨🟨🟨🟨🟨🟨🟨🟨🟨🟨🟨🟨🟨🟨🟨🟨🟨🟨",
        "🟨🟨🟨🟨🟨🟨🟨🟨🟨🟨🟨🟨🟨🟨🟨🟨🟨🟨🟨🟨",
        "🟨🟨🟨🟨🟨⬛⬛🟨🟨🟩🟩🟩🟩🟩🟩🟩🟩🟩🟩🟩",
        "🟨🟨🟨🟨🟨🟩🟩🟩🟩🟩🟩🟩🌴🟩🟩🟩🟩🟩🟩🌴",
        "🟨🟨🟨🟨🟩🟩🟩🟩🟩🟩🟩🟩🟩🟩🟩🟩🌴🟩🟩🟩",
        "🟨🟨🟨🟨🟨🟨🟨🟩⬛⬛🟩🟩🟩🟩🟩🟩🟩🟩🟩🟩",
        "🟨🟨🟨🟨🟨🟨🟩🟩🌴🟩🟩🟩🟩🟩🟩🟩🌴🟩🟩🟩",
        "🟨🟨🟨🟨🟩🟩🟩🟩🟩🟩🟩🟩🟩🟩🟩🌴🟩🟩🟩🟩",
        "🟨🟨🟨🟩🟩🟩🟩🟩🟩🟩🟩🌴🟩🟩🟩🟩🟩🟩🟩🟩",
        "🟨🟨🟨🟩🟩⬛⬛⬛⬛⬛🟩🟩🟩🟩🟩🟩🟩🟩🟩🟩",
        "🟨🟨🟨🟩🟩⬛🟩🟩🟩⬛🟩🟩🟩🟩🟩🟩🟨🟨🟨🟨",
        "🟨🟨🟩🟩🟩🟩🟩🟩🟩🟩🟩🟩🟩🟩🟩🟨🟨🌊🌊🌊",
        "🟩🟩🟩🟩🟩🟩🟩🌴🟩🟩🟩🟩🟩🟩🟩🟨🟨🟨🌊🌊",
        "🌴🟩🟩🟩🟩🟩🟩🟩🟩🟩🟩🟩🟩🟨🟨🟨🟨🟨🟨🌊",
        "🟩🟩🟩🟩🟩🟩🟩🌴🟩🟩🟩🟩🟩🟩🟩🟨🟨🟨🌊🌊",
        "🟩🟩🟩🟩🟩🟩🟩🌴🟩🟩🟩🟩🟩🟩🟩🟨🟨🟨🌊🌊"
    ],
    "map_6": [
        "🌊🌊🌊🌊🌊🌊🌊🌊🌊🌊🌊🌊🌊🌊🌊🌊🌊🌊🌊🌊",
        "🌊🌊🌊🌊🌊🌊🌊🌊🌊🌊🌊🌊🌊🌊🌊🌊🌊🌊🌊🌊",
        "🌊🌊🌊🌊🌊🌊🌊🌊🌊🌊🌊🌊🌊🌊🌊🌊🌊🌊🌊🌊",
        "🌊🌊🌊🌊🌊🌊🌊🌊🌊🌊🌊🌊🟨🟨🟨🟨🟨🌊🌊🌊",
        "🌊🌊🌊🌊🟨🟨🌊🌊🌊🌊🌊🟨🌴🌴🌴🟨🌊🌊🌊🌊",
        "🌊🌊🌊🌊🟨🟨🌊🌊🌊🌊🌊🌊🟨🌴🌴🌴🟨🌊🌊🌊",
        "🌊🌊🌊🌊🌊🌊🌊🌊🌊🌊🌊🟨🟨🟨🟨🟨🌊🌊🌊🌊",
        "🌊🌊🌊🌊🌊🌊🌊🌊🌊🌊🌊🌊🌊🌊🌊🌊🌊🌊🌊🌊",
        "🌊🌊🌊🌊🌊🌊🌊🌊🌊🌊🌊🌊🌊🌊🌊🌊🌊🌊🌊🌊",
        "🌊🌊🌊🌊🌊🌊🌊🌊🌊🌊🌊🌊🌊🌊🌊🌊🌊🌊🌊🌊",
        "🟨🟨🟨🟨🟨🟨🟨🟨🟨🟨🟨🟨🟨🟨🟨🟨🟨🟨🟨🟨",
        "🟨🟨🟨🟨🟨🟨🟨🟨🟨🟨🟨⬛⬛⬛⬛⬛⬛⬛🟨🟨",
        "🟨🟨🟨🌴🟨🟨🟨🟨🟨🟨🟨⬛⬛⬛⬛⬛⬛⬛⬛🟨",
        "🟨🟨🟨🟨🟨🟨🟨🟨🟨⬛⬛⬛⬛⬛⬛⬛⬛⬛⬛🟨",
        "🟨🟨🟨🌴🟨🟨🟨🟨🟨🟨🟨🟨🟨🟨🟨🟨⬛⬛⬛⬛",
        "🟨🟨🟨🟨🟨🟨🟨🟨🟨🟨🟨🟨🟨🟨🟨🟨⬛⬛⬛⬛",
        "🟨🟨🟨🟨🟨⬛⬛⬛⬛⬛🟨🟨🟨🟨🟨🟨⬛⬛⬛⬛",
        "🟨🟨🟨🟨🟨⬛🟨🟨🟨⬛🟨🟨🌴🟨🟨🟨⬛⬛⬛⬛",
        "🟨🟨🟨🟨🟨🟨🟨🟨🟨⬛🟨🟨🟨🟨🟨🟨🌴⬛⬛⬛",
        "⬛⬛⬛⬛⬛⬛⬛⬛⬛⬛🟨🟨🟨🟨🟨🟨⬛⬛⬛⬛",
        "⬛⬛🟨🟨🟨🟨🟨🟨🟨🌴🟨🟨🟨🟨🟨🟨🟨🌴⬛⬛",
        "⬛⬛🟨🟨🟨🟨🟨🟨🟨🟨🟨🟨🟨🌴🟨🟨🟨🟨🟨🟨",
        "⬛⬛🟨🟨🟨🟨🟨🟨🟨🟨🟨🌴🟨🟨🟨🟨🟨🟨🟨🟨",
        "⬛⬛🟨🟨🟨⬛⬛⬛⬛⬛🟨🟨🟨🟨🟨🟨🟨🟨🟨🟨",
        "⬛⬛🟨🟨🟨⬛⬛⬛⬛⬛🟨🟨🟨🟨🟨🟨🟨🟨🟨🟨",
        "⬛⬛🟨🟨🟨🟨🟨🟨🟨⬛⬛⬛⬛⬛⬛⬛⬛⬛⬛⬛",
        "⬛⬛🟨🟨🟨🟨🟨🌴🟨🟨🟨🟨🟨🟨🟨🟨🟨⬛⬛⬛",
        "🌴🌴🟨🟨🟨🟨🟨🟨🟨🟨🟨🟨🟨🟨🟨🟨🟨⬛⬛⬛",
        "⬛⬛⬛⬛⬛⬛⬛⬛🟨🟨⬛⬛⬛⬛⬛🟨🟨⬛⬛⬛",
        "🟨🟨🟨🟨🟨🟨🟨🟨🟨🟨🟨🟨🟨🟨🟨🟨🟨⬛⬛⬛"
    ],
    "map_7": [
        "⬛⬛⬛⬛⬛⬛⬛⬛⬛⬛⬛⬛⬛⬛⬛⬛⬛⬛⬛⬛",
        "⬛⬛⬛⬛⬛⬛⬛⬛⬛⬛⬛⬛⬛⬛⬛⬛⬛⬛⬛⬛",
        "⬛⬛⬛⬛⬛⬛⬛⬛⬛⬛⬛⬛⬛⬛⬛⬛⬛⬛⬛⬛",
        "⬛⬛⬛⬛⬛⬛⬛⬛⬛⬛⬛⬛⬛⬛⬛⬛⬛⬛⬛⬛",
        "⬛⬛⬛⬛⬛⬛⬛⬛⬛⬛⬛⬛⬛⬛⬛⬛⬛⬛⬛⬛",
        "⬛⬛⬛⬛⬛⬛⬛⬛⬛⬛⬛⬛⬛⬛⬛⬛⬛⬛⬛⬛",
        "⬛⬛⬛⬛⬛⬛⬛⬛⬛⬛⬛⬛⬛⬛⬛⬛⬛⬛⬛⬛",
        "⬛⬛⬛⬛⬛⬛⬛⬛⬛⬛⬛⬛⬛⬛⬛⬛⬛⬛⬛⬛",
        "⬛⬛⬛⬛⬛⬛⬛⬛⬛⬛⬛⬛⬛⬛⬛⬛⬛⬛⬛⬛",
        "⬛⬛⬛⬛⬛⬛⬛⬛⬛⬛⬛⬛⬛⬛⬛⬛⬛⬛⬛⬛",
        "⬛⬛⬛⬛⬛⬛⬛⬛⬛⬛⬛⬛⬛⬛⬛⬛⬛⬛⬛⬛",
        "🟨🟨🟨🟨🟨🟨🟨🟨🟨🟨🟨🟨🟨🟨🟨🟨🟨🟨🟨🟨",
        "🟨🌴🟨🟨🟨🌴🟨🟨🟨🟨🟨🟨🟨🟨🟨🟨🟨🌴🟨🟨",
        "🟨🟨🟨🟨🟨🟨🟨🟨🟨🟨🟨🌴🟨🟨🟨🟨🟨🟨🟨🟨",
        "🟨🟨🟨🟨🟨🟨🟨🟨🟨🟨🟨🟨🟨🟨🟨🟨🟨🟨🟨🟨",
        "🟨🟨🟨🟨🌴🟨🟨🟨🟨🟨🟨🟨🟨🟨🟨🟨🟨🟨🟨🟨",
        "🟨🟨🟨🟨🟨🟨🟨🟨🟨🟨🟨🟨🟨🟨🌴🟨🟨🌴🟨🟨",
        "🟨🟨🟨🟨🟨🟨🟨🟨🟨🟨🟨🟨🟨🟨🟨🟨🟨🟨🟨🟨",
        "🌴🟨🟨🟨🟨🟨🟨🌴🟨🟨🟨🟨🟨🟨🟨🟨🟨🟨🟨🟨",
        "🟨🟨🟨🟨🟨🟨🟨🟨🟨🟨🟨🟨🟨🟨🟨🟨🟨🟨🟨🟨",
        "🟨🟨🟨🟨🟨🟨🟨🟨🟨🟨🟨🟨🟨🟨🟨🟨🟨🟨🟨🟨",
        "⬛⬛🟨🟨🟨🟨🌴🟨🟨🟨🟨🟨🟨🌴🟨🟨🟨🟨🟨🟨",
        "⬛⬛🟨🟨🟨🟨🟨🟨🟨🟨🟨🌴🟨🟨🟨🟨🟨🟨🟨🟨",
        "⬛⬛🟨🟨🟨⬛⬛⬛⬛⬛🟨🟨🟨🟨🟨🟨🟨🟨🟨🟨",
        "⬛⬛🟨🟨🟨⬛⬛⬛⬛⬛🟨🟨🟨🟨🟨🟨🟨🟨🟨🟨",
        "🟨🟨🟨🟨🟨🟨🟨🟨🟨🟨🟨🟨🟨🟨🌴🟨🟨🟨🌴🟨",
        "🟨🟨🟨🟨🟨🟨🟨🟨🌴🟨🟨🟨🟨🟨🟨🟨🟨🟨🟨🟨",
        "🟨🟨🟨🟨🟨🟨🟨🟨🟨🟨🟨🟨🟨🟨🟨🟨🟨🟨🟨🟨",
        "⬛⬛⬛⬛⬛⬛⬛⬛🟨🟨⬛⬛⬛⬛⬛🟨🟨🟨🟨🟨",
        "🟨🟨🟨🟨🟨🟨🟨🟨🟨🟨🟨🟨🟨🟨🟨🟨🟨🟨🟨🟨"
    ],
    "map_8": [
        "🟨🟨🟨🟨🟨🟨🟨🟨🟨🟨🟨🟨🟨🟨🟨🟨🟨🟨🟨🟨",
        "🟨🟨🟨🟨🟨🟨🟨🟨🟨🟨🟨🟨🟨🟨🟨🟨🟨🟨🟨🟨",
        "🟨🟨🟨🟨🟨🟨🟨🟨🟨🟨🟨🟨🟨🟨🟨🟨🟨🟨🟨🟫",
        "🟨🟨🟨🟨🟨🟨🟨🟨🟨🟨🟨🟨🟨🟨🟨🟨🟫🟫🟫🟫",
        "🟨🟨🟨🟨🟨🟨🟨🟨🟨🟨🟨🟫🟫🟫🟫🟫🟫🟫🟫🟫",
        "🟨🟨🟨🟨🟫🟫🟫⬛⬛🟫🟫🟫🟫🟫🟫🟫🟫🟫🟫🟫",
        "🟨🟨🟫🟫🟫🟫⬛🟫🟫⬛🟫🟫🟫🟫🟫🟫🟫🟫🟫🟫",
        "🟨🟫🟫🟫🟫⬛🟫🟫🟫🟫⬛🟫🟫🟫🟫🟫🟫🟫🟫🟫",
        "🟫🟫🟫🟫⬛🟫⬛🟫🟫🟫🟫⬛🟫🟫🟫🟫🟫🟫🟫🟫",
        "🟫🟫🟫⬛🟫🟫🟫⬛🟫🟫🟨🟨⬛🟫🟫🟫🟫🟫🟫🟫",
        "🟫🟫⬛🟫⬛🟫🟫🟫⬛🟨🟨🟨🟨⬛🟫🟫🟫🟫🟫🟫",
        "🟫⬛🟫🟫🟫⬛🟫🟫🟫⬛🟨🟨🟨🟨⬛🟫🟫🟫🟫🟫",
        "🟫🌴🟫🟫🟫🌴🟫🟫🟫🟫⬛🟫🟨🟨🟫⬛🟫🌴🟫🟫",
        "🟫🟫🟫🟫🟫🟫🟫🟫🟫🟫🟫🌴🟫🟫🟫🟫⬛🟫🟫🟫",
        "🟫🟫🟫🟫🟫🟫🟫🟫🟫🟫🟫⬛🟫🟫🟫🟫🟫⬛🟫🟫",
        "🟫🟫🟫🟫🌴🟫🟫🟫🟫🟫🟫⬛🟫🟫🟫🟫🟫🟫⬛🟫",
        "🟫🟫🟫🟫🟫🟫🟫🟫🟫🟫🟫⬛🟫🟫🌴🟫🟫🌴🟫🟫",
        "🟫🟫🟫🟫🟫🟫🟫🟫🟫🟫🟫⬛🟫🟫🟫🟫🟫🟫🟨🟨",
        "🌴🟫🟫🟫🟫🟫🟫🌴⬛⬛⬛⬛🟫🟫🟫🟫🟫🟨🟨🟨",
        "🟫🟫🟫🟫🟫🟫🟫🟫🟫🟫🟫🟫🟫🟫🟫🟨🟨🟨🟨🟨",
        "🟨🟨🟫🟫🟫🟫🟫🟫🟫🟫🟫🟫🟫🟫🟨🟨🟨🟨🟨🟨",
        "🟨🟨🟨🟫🟫🟫🟫🌴🟫🟫🟫🟫🟫🟫🌴🟫🟨🟨🟨🟨",
        "🟨🟨🟨🟨🟫🟫🟫🟫🟫🟫🟫🌴🟫🟫🟫🟫🟨🟨🟨🟨",
        "🟨🟨🟫🟫🟫⬛⬛⬛⬛⬛🟫🟫🟫🟫🟫🟫🟫🟨🟨🟨",
        "🟫🟫🟫🟫🟫⬛⬛⬛⬛⬛🟫🟫🟫🟫🟫🟫🟫🟫🟨🟨",
        "🟫🟫🟫🟫🟫🟫🟫🟫🟫🟫🟫🟫🟫🟫🌴🟫🟫🟫🌴🟨",
        "🟫🟫🟫🟫🟫🟫🟫🟫🌴🟫🟫🟫🟫🟫🟫🟫🟫🟫🟫🟫",
        "🟫🟫🟫🟫🟫🟫🟫🟫🟫🟫🟫🟫🟫🟫🟫🟫🟫🟫🟫🟫",
        "⬛⬛⬛⬛⬛⬛⬛⬛🟫🟫⬛⬛⬛⬛⬛🟫🟫🟫🟫🟫",
        "🟫🟫🟫🟫🟫🟫🟫🟫🟫🟫🟫🟫🟫🟫🟫🟫🟫🟫🟫🟫"
    ],
    "map_9": [
        "🌊🌊🌊🌊🌊🌊🌊🌊🌊🌊🌊🌊🌊🌊🌊🌊🌊🌊🌊🌊",
        "🟨🟨🟨🟨🟨🟨🟨🟨🟨🟨🟨🟨🟨🟨🌊🌊🌊🌊🌊🌊",
        "🟨🟨🟨🟨🟨🟨🟨🟨🟨🟨🟨🟨🟨🟨🟨🟨🌊🌊🌊🌊",
        "🟨🟨🟨🟨🟨🟨🟨🟨🌊🌊🌊🌊🌊🌊🌊🌊🌊🌊🌊🌊",
        "🟨🟨🟨🟨🟨🟨🟨🟨🟨🌊🌊🌊🌊🌊🌊🌊🌊🌊🌊🌊",
        "🟨🟨🟨🟨🟨🟨🟨🟨🟨🟨🌊🌊🌊🌊🌊🌊🌊🌊🌊🌊",
        "🟨🟨🟨🟨🟨🟨🟨🟨🌊🌊🌊🌊🌊🌊🌊🌊🌊🌊🌊🌊",
        "🟨🟨🟨🟨🟨🟨🌊🌊🌊🌊🌊🌊🌊🌊🌊🌊🌊🌊🌊🌊",
        "🟨🟨🟨🟨🟨🟨🌊🌊🟨🟨🟨🟨🟨🟨🟨🟨🟨🟨🟨🌊",
        "🟨🟨🟨🟨🟨🟨🟨🌊🌊🟨🟨🟩🟩⬛🟩🟩🟩🌳🟩🟨",
        "🟨🟨🟨🟨🟨🌊🌊🌊🌊🌊🟨🟩🟩⬛🟩🌳🟩🟩🟩🟨",
        "🟨🟨🟨🌊🌊🟨🌊🌊🌊🟨🟨🟫🟩⬛🟩🟩🟩🟩🟩🟨",
        "🟨🟨🟨🌊🌊🌴🌊🌊🌊🌊🟨🟨🟫🟩🟩⬛🟩🟫🟫🟨",
        "🟨🟨🟨🟨🟨🟨🟨🟨🟨🟨🌴🟨🟫🟫🟩⬛🟫🟫🟨🟨",
        "🟨🟨🟫🟫🟫🟫🟨🟨⬛⬛⬛⬛🟫🟫🟫🟫🟫⬛🟫🟨",
        "🟨🟫🟫🟫🌴🟫🟫🟫🟫🟫🟫⬛🟫🟫🟫🟫🟫⬛🟨🟨",
        "🟫🟫🟫🟫🟫🟫🟫🟫🟫🟫🟫⬛🟫🟫🌴🟫🟫🌴🟫🟨",
        "🟫🟫🟫🟩🟩🟫🟫🟫🟫🟫🟫⬛🟫🟫🟫🟫🟫🟫🟫🟨",
        "🌴🟫🟩🌳🟩🟫🟫🌴⬛⬛⬛⬛🟫🟩🌳🟩🟩🟩🟫🟨",
        "🟫🟫🟫🟩🟫🟫🟫🟫⬛⬛⬛⬛🟩🟩🟩🟩🌳🟩🟫🟨",
        "🟫🟫🟫🟫🟫🟫🟫🟫🟫🟫🟫🟫🟫🟩🟩🟩🟩🟫🟫🟨",
        "🟫🟫🟫🟫🟫🌴🟫🟫🟫🟫🟫🟫🌴🟫🟫🟫🟫🟫🟫🟨",
        "🟫🟫🟫🟫🟫🟫🟨🟨🟨🟨🟨🟨🟫🌴🟫🟫🟫🟫🟫🟫",
        "🟫🟫🟫🟫🟫🟨🌊🌊🌊🌊🌊🟨🟫🟫🟫🟫🟫🟫🟫🟫",
        "🟫🟫🟫🟫🟨🌊🌊🌊🌊🌊🟨🟫🟫🟫🟫🟫🟫🟫🟫🟫",
        "🟫🟫🟫🟫🟫🟨🟨🟨🟨🟨🟨🟫🟫🟫🟫🌴🟫🟫🟫🌴",
        "🟫🟫🟫🟫🟫🟫🟫🟫🌴🟫🟫🟫🟫🟫🟫🟫🟫🟫🟫🟫",
        "🟩🟩🟩🟫🟫🟫🟫🟫🟫🟫🟫🟨🟨🟨🟨🟨🟨🟫🟫🟫",
        "🟩🟩🌳🟩🟩🟩🟫🟫🟫🟫🟫🟨🌊🌊🌊🌊🌊🟨🟫🟫",
        "🟩🟩🟩🟩🟩🟩🟫🟫🟫🟫🟫🟨🟨🟨🟨🟨🟨🟫🟫🟫"
    ],
    "map_10": [
        "🟩🟩🟩🟩🟩🟩🟩🟩🟩🟩🟩🟩🟩🟩🟩🟩🟩🟩🟩🟩",
        "🟩🟩🟩🟩🟩🟩🟩🟩🟩🟩🟩🟩🟩🟩🟩🟩🟫🟫🟫🟫",
        "🟩🟩🟩🟩🟩🟩🟩🟩🟩🟩🟩🟩🟫🟫🟫🟫🟫🟫🟫🟫",
        "🟩🟩🟩🟩🟩🟫🟫🟫🟫🟫🟫🟫🟫🟫🟫🟫🟫🟫🟫🟫",
        "🟫🟫🟫🟫🟫🟫🟫🌴🟫🟫🌴🟫🟫🟫🟫🟫🟫🟫🟫🟫",
        "🟫🟫🟧🟧🟧🟧🟧🟧🟧🟧🟧🟧🟧🟧🟧🟧🟫🟫🟫🟫",
        "🟫🟫🟧⬛⬛⬛🟧🟧🟧🟧🟧🟧⬛⬛⬛🟧🟫🟫🟫🟫",
        "🟫🌴🟧🟧🟧⬛⬛⬛🟧🟧⬛⬛⬛🟧🟧🟧🌴🟫🟫🟫",
        "🟫🟫🟧⬛⬛⬛🟧🟧🟧🟧🟧🟧⬛⬛⬛🟧🟫🟫🟫🟫",
        "🟫🟫🟧🟧🟧🟧🟧⬛⬛⬛⬛🟧🟧🟧🟧🟧🟫🟫🟫🟫",
        "🟫🟫🟧⬛⬛⬛🟧🟧🟧🟧🟧🟧⬛⬛⬛🟧🟫🟫🟫🟫",
        "🟫🌴🟧🟧🟧⬛⬛⬛🟧🟧⬛⬛⬛🟧🟧🟧🌴🟫🟫🟨",
        "🟫🟫🟧⬛⬛⬛🟧🟧🟧🟧🟧🟧⬛⬛⬛🟧🟫🟫🟨🟨",
        "🟫🟫🟧🟧🟧🟧🟧⬛⬛⬛⬛🟧🟧🟧🟧🟧🟫🟫🟨🌊",
        "🟫🟫🌴🟫🌴🟧🟧⬛🟧🟧⬛🟧🟧🌴🟫🌴🟫🟨🟨🌊",
        "🟫🟫🟫🟫🟫🟧🟧🟧🟧🟧🟧🟧🟧🟫🟫🟫🟨🟨🌊🌊",
        "🟩🟩🟩🟩🟩🟧🌴🟧⬛⬛🟧🌴🟧🟨🟨🟨🟨🟨🌊🌊",
        "🟫🟫🟫🟫🟫🟧🟧🟧🟧🟧🟧🟧🟧🟫🟫🟫🟨🟨🌊🌊",
        "🟫🟫🌴🟫🌴🟧🟧⬛🟧🟧⬛🟧🟧🌴🟫🌴🟫🟨🟨🌊",
        "🟫🟫🟧🟧🟧🟧🟧⬛⬛⬛⬛🟧🟧🟧🟧🟧🟫🟫🟨🌊",
        "🟫🟫🟧⬛⬛⬛🟧🟧🟧🟧🟧🟧⬛⬛⬛🟧🟫🟫🟨🌊",
        "🟫🌴🟧🟧🟧⬛⬛⬛🟧🟧⬛⬛⬛🟧🟧🟧🌴🟫🟨🌊",
        "🟫🟫🟧⬛⬛⬛🟧🟧🟧🟧🟧🟧⬛⬛⬛🟧🟫🟫🟨🟨",
        "🟫🟫🟧🟧🟧🟧🟧⬛⬛⬛⬛🟧🟧🟧🟧🟧🟫🟫🟫🟫",
        "🟫🟫🟧⬛⬛⬛🟧🟧🟧🟧🟧🟧⬛⬛⬛🟧🟫🟫🟫🟫",
        "🟫🌴🟧🟧🟧⬛⬛⬛🟧🟧⬛⬛⬛🟧🟧🟧🌴🟫🟫🟫",
        "🟫🟫🟧⬛⬛⬛🟧🟧🟧🟧🟧🟧⬛⬛⬛🟧🟫🟫🟫🟫",
        "🟫🟫🟧🟧🟧🟧🟧🟧🟧🟧🟧🟧🟧🟧🟧🟧🟫🟫🟫🟫",
        "🟫🟫🟫🟫🟫🟫🟫🌴🟫🟫🌴🟫🟫🟫🟫🟫🟫🟫🟫🟫",
        "🟫🟫🟫🟫🟫🟫🟫🟫🟫🟫🟫🟫🟫🟫🟫🟫🟫🟩🟩🟩",
        "🟫🟫🟫🟫🟫🟫🟫🟫🟫🟫🟫🟫🟫🟫🟫🟩🟩🟩🟩🟩"
    ],
    "map_11": [
        "🌊🌊🌊🌊🌊🟫🟩🟩🟩🟩🟩🟩🟩🟩🟩🟩🟩🟩🟩🟩",
        "🟫🟫🟫🟫🟫🟫🟩🟩🟩🟩🟩🟩🟩🟩🟩🟩🟩🟩🟩🟩",
        "🌳🌳🌳🟩🟩🟩🟩🟫🟫🟫🟫🟫🟫🟫🟩🟩🟩🟩🟩🟩",
        "🟩🟩🟩🟩🟩🟩🟩🟫🌊🌊🌊🌊🌊🟫🟫🟫🟫🟫🟫🟫",
        "🟩🟩🟩🟩🟩🟩🟩🟫🟫🟫🌊🌊🌊🌊🌊🌊🌊🌊🌊🌊",
        "🟩🟩🟩🟩🟩🟩🟩🟫🟫🌊🌊🌊🌊🌊🌊🌊🌊🌊🌊🌊",
        "🟩🟩🟩🟩🟩🟩🟫🌊🌊🌊🌊🌊🌊🌊🌊🌊🌊🌊🌊🌊",
        "🟩🟩🟩🟩🟩🟫🌊🌊🌊🌊🌊🌊🌊🌊🌊🌊🌊🌊🌊🌊",
        "🟩🟩🟩🟩🟩🟫🌊🌊🌊🌊🟫🟫🟫🟫🟫🟫🟫🟫🟫🟫",
        "🟩🟩🟫🟫🟫🌊🌊🌊🟫🟫🟫🌳🟩🟩🟩🟩🟩🟩🟩🟩",
        "🟩🟩🟫🌊🟫🌊🌊🌊🌊🌊🟫🟩🟩🌳🟩🟩🟩🟩🟩🟩",
        "🟩🟫🌊🌊🌊🟫🌊🌊🌊🟫🟫🟩🟩🟩🌳🟩🟩🟩🟩🟩",
        "🟩🌳🌊🌊🌊🌳🌊🌊🌊🌊🟫🟩🟩🟩🟩🌳🟩🟩🟩🟩",
        "🟩🟫🟫🟫🌊🌊🌊🌊🌊🌊🟫🌳🟩🟩🟩🟩🟩🟩🟩🌳",
        "🟩🟩🟩🟫🟫🌊🌊🌊🌊🟫🟫🟩🟩🟩🟩🟩🟩🟩🟩🌳",
        "🟩🟩🟩🟩🟫🟫🟫🟫🟫🟫🟩🟩🟩🟩🟩🟩🟩🟩🟩🌳",
        "🟩🟩🟩🌳🟩🟩🟩🟩🟩🟩🟩🟩🟩🟩🌳🟩🟩🟩🟩🟩",
        "🟩🟩🟩🟩🟩🟩🟩🟩🟩🟩🟩🟩🟩🟩🟩🟩🟩🟩🟩🟩",
        "🌳🟩🟩🟩🟩🟩🟩🟩🟩🟩🟩🟩🌳🌳🌳🌳🌳🌳🌳🌳",
        "🟩🟩🟩🟩🟩🟩🟩🟩🟩🟩🟩🟩🟩🟩🟩🟩🟩🟩🟩🟩",
        "🟩🟩🟩🟩🟩🟩🟩🟩🟩🟩🟩🟩🟩🟩🟩🟩🟩🟩🟩🟩",
        "🌳🌳🌳🌳🌳🟩🟩🟩🟩🟩🟩🟩🟩🌳🟩🟩🟩🟩🟩🟩",
        "🌳🌳🌳🌳🌳🟩🟩🟩🟩🟩🟩🟩🟩🟩🟩🟩🟩🌳🌳🌳",
        "🟫🟫🟫🟫🟫🟫🟫🟫🟫🟫🟫🟩🟩🟩🟩🟩🌳🌳🌳🌳",
        "🌊🌊🌊🌊🌊🌊🌊🌊🌊🌊🟫🟩🟩🟩🟩🟩🟩🟩🟩🟩",
        "🌊🌊🌊🟫🟫🌳🟫🟫🟫🟫🟫🟩🟩🟩🟩🟩🟩🟩🟩🌳",
        "🌊🌊🟫🟩🟩🟩🟩🟩🌳🟩🟩🟩🟩🟩🟩🟩🟩🟩🟩🌳",
        "🌊🟫🟩🟩🟩🟩🟩🟩🟩🟩🟩🟩🟩🟩🟩🟩🟩🟩🟩🌳",
        "🟫🟫🟩🟩🟩🟩🟩🟩🟩🟩🌳🌳🌳🌳🌳🟩🟩🟩🟩🟩",
        "🟩🟩🟩🟩🟩🟩🟩🟩🟩🟩🟩🟩🟩🟩🟩🟩🟩🟩🟩🟩"
    ],
    "map_12": [
        "🌳🌳🌳🌳🌳🌳🌳🌳🌳🌳🌳🌳🌳🌳🌳🌳🌳🌳🌳🌳",
        "🌳🌳🌳🌳🌳🌳🌳🌳🌳🌳🌳🌳🌳🌳🌳🌳🌳🌳🌳🌳",
        "🌳🌳🌳🌳🌳🌳🌳🌳🌳🌳🌳🌳🌳🌳🌳🌳🌳🌳🌳🌳",
        "🟫🟫🟫🟫🟫🟫🟫🟫🟫🟫🟫🟫🟫🟫🟫🟫🟫🟫🟫🟫",
        "🟫🟫🟫🟫🟫🟫🟫🟫🟫🟫🟫🟫🟫🟫🟫🟫🟫🟫🟫🟫",
        "🟫🟫🟫🟫🟫🟫🟫🟫🟫🟫🟫🟫🟫🟫🟫🟫🟫🟫🟫🟫",
        "🟫🟫🟫🟫🟫🟫🟫🟫🟫🟫🟫🟫🌳🌳🌳🌳🌳🌳🌳🌳",
        "🌳🌳🌳🌳🌳🌳🌳🟫🟫🟫🟫🟫🌳🌳🌳🌳🌳🌳🌳🌳",
        "🌳🌳🌳🌳🌳🌳🌳🟫🟫🟫🟫🟫🌳🌳🌳🌳🌳🌳🌳🌳",
        "🟩🟩🟩🟩🟩🟩🟩🟫🟫🟫🟫🟫🌳🟩🟩🟩🟩🟩🟩🟫",
        "🟩🟩🟫🟫🟫🟫🟫🟫🟫🟫🟫🟫🟩🌳🟩🟩🟩🟩🟩🟫",
        "🟩🟫🟫🟫🟫🟫🟫🟫🟫🟫🟫🟫🟩🟩🌳🟩🟩🟩🟩🟫",
        "🟩🟫🟫🟫🟫🟫🟫🟫🟫🟫🟫🟩🟩🟩🟩🟩🟩🟩🟩🟫",
        "🟩🟩🟩🟩🟩🟩🟩🟩🟩🟩🟩🌳🟩🟩🟩🟩🟩🟩🟫🌳",
        "🟩🟩🟩🟩🟩🟩🟩🟩🟩🟩🟩🟩🌳🌳🌳🌳🌳🌳🌳🌳",
        "🟩🟩🟩🟩🟩🟩🟩🟩🟩🟩🟩🟩🌳🌳🌳🌳🌳🌳🌳🌳",
        "🟩🟩🟩🌳🟩🟩🟩🟩🟩🟩🟩🟩🟩🟩🌳🟩🟩🌳🟩🟫",
        "🟩🟩🟩🟩🟩🟩🟩🟩🟩🟩🟩🟩🟩🟩🟩🟩🟩🟩🟩🟫",
        "🌳🟩🟩🟩🟩🟩🟩🟩🟩🟩🟩🟩🟩🟩🟩🟩🟩🟩🟩🟩",
        "🟩🟩🟩🟩🟩🟩🟩🟩🟫🟫🟫🟫🟩🟩🟩🟩🟩🟩🟩🟫",
        "🟩🟩🟩🟩🟩🟩🟩🟩🟩🟩🟫🟩🟩🟩🟩🟩🟩🟩🟩🟫",
        "🌳🌳🌳🌳🌳🟫🟫🟫🟫🟫🟫🟩🟩🌳🟩🟩🟩🟩🟩🟫",
        "🌳🌳🌳🌳🌳🟫🟫🟫🟫🟫🟫🟫🟩🟩🟩🟩🟩🟩🟩🟩",
        "🌳🌳🌳🌳🌳🌳🌳🌳🌳🌳🌳🟩🟩🟩🟩🟩🟩🟩🟩🟩",
        "🌊🌊🌊🌊🌊🌊🌊🌊🌊🌊🌳🟩🟩🟩🟩🟩🟩🟩🟩🟩",
        "🌊🌊🌊🌳🌳🌳🟫🟩🟩🟩🟩🟩🟩🟩🟩🟩🟩🟩🟩🌳",
        "🟩🟩🟩🟩🟩🟩🟩🟩🟩🟩🟩🟩🟩🟩🟩🟩🟩🟩🟩🌳",
        "🟩🟩🟩🟩🟩🟩🟩🟩🟩🟩🟩🟩🟩🟩🟩🟩🟩🟩🟩🌳",
        "🟩🟩🟩🟩🟩🟩🟩🟩🟩🟩🟩🟩🟩🟩🟩🟩🟩🟩🟩🟩",
        "🟩🟩🟩🟩🟩🟩🟩🟩🟩🟩🟩🟩🟩🟩🟩🟩🟩🟩🟩🟩"
    ],
    "map_13": [
        "🌊🌊🌊🌊🌊🌊🌊🌊🌊🌊🌊🌊🌊🌊🌊🌊🌊🌊🌊🌊",
        "🌊🌊🌊🌊🌊🌊🌊🌊🌊🌊🌊🌊🌊🌊🌊🌊🌊🌊🌊🌊",
        "🌊🌊🌊🌊🌊🌊🌊🌊🌊🌊🌊🌊🌊🌊🌊🌊🌊🌊🌊🌊",
        "🌊🌊🌊🌊🌊🌊🌊🌊🌊🌊🌊🌊🌊🌊🌊🌊🌊🌊🌊🌊",
        "🌊🌊🌊🌊🌊🌊🌊🌊🌊🌊🌊🌊🌊🌊🌊🌊🌊🌊🌊🌊",
        "🌊🌊🌊🌊🌊🌊🌊🌊🌊🌊🌊🌊🌊🌊🌊🌊🌊🌊🌊🌊",
        "🌊🌊🌊🌊🌊🌊🌊🌊🌊🌊🌊🌊🌊🌊🌊🌊🌊🌊🌊🌊",
        "🌊🌊🌊🌊🌊🌊🌊🌊🌊🌊🌊🌊🌊🌊🌊🌊🌊🌊🌊🌊",
        "🌊🌊🌊🌊🌊🌊🌊🌊🟨🟨🟨🟨🌊🌊🌊🌊🌊🌊🌊🌊",
        "🌊🌊🌊🌊🌊🌊🌊🟨🟨🟨🟨🟨🟨🌊🌊🌊🌊🌊🌊🌊",
        "🌊🌊🌊🌊🟨🟨🟨🟨🟨🟨🟨🟨🟨🟨🟨🟨🌊🌊🌊🌊",
        "🌊🌊🌊🌊🟨🟨🟨🟨🟨🟨🟨🟨🟨🟩🌴🟨🌊🌊🌊🌊",
        "🌊🌊🌊🟨🟨🟨🟨🟨🟨🟨🟨🟩🟩🟩🟩🟨🌊🌊🌊🌊",
        "🌊🌊🌊🟨🟨🟩🟩🟩🟩🟩🟩🌴🟩🟩🟩🟨🌊🌊🌊🌊",
        "🌊🌊🟨🟨🟨🟩🌴🟩🟩🟩🟩🟩🌴🌴🌴🟨🌊🌊🌊🌊",
        "🌊🌊🌊🟨🟨🟩🟩🟩🟩🟩🟩🟩🌴🌴🌴🟨🌊🌊🌊🌊",
        "🌊🌊🌊🌊🟨🟩🌴🟩🟩🟩🟩🟩🟩🟩🌴🟨🌊🌊🌊🌊",
        "🌊🌊🌊🌊🟨🟩🟩🟩🟩🟩🟩🟩🟩🟩🟩🟨🌊🌊🌊🌊",
        "🌊🌊🌊🌊🟨🟩🟩🟩🟩🟩🟩🟩🟩🟩🟩🟨🟨🌊🌊🌊",
        "🌊🌊🌊🌊🟨🟨🟩🟩🟩🟩🟩🟩🟩🟩🟩🟩🟨🌊🌊🌊",
        "🌊🌊🌊🌊🟨🟨🟨🟩🌴🟩🟨🟩🟩🟩🟩🟩🟨🟨🟨🌊",
        "🌊🌊🌊🌊🟨🟨🟨🟨🟩🟨🟨🟨🟩🟩🟩🟩🟩🟩🟨🟨",
        "🌊🌊🌊🌊🌊🟨🟨🟨🟨🟨🟨🟨🟩🟩🟩🟩🟩🟩🟩🟨",
        "🌊🌊🌊🌊🌊🌊🌊🟨🟨🟨🟨🟨🟩🟩🟩🟩🟩🟩🟩🟩",
        "🌊🌊🌊🌊🌊🌊🌊🌊🌊🌊🟨🟨🟩🟩🟩🟩🟩🟩🟩🟩",
        "🌊🌊🌊🟨🟨🟨🟨🟨🟨🟨🟨🟨🟩🟩🟩🟩🟩🟩🟩🌳",
        "🟨🟨🟨🟨🌴🌴🌴🌴🌴🌴🌴🌴🟩🟩🟩🟩🟩🟩🟩🌳",
        "🟩🟩🟩🟩🟩🟩🟩🟩🟩🟩🟩🟩🟩🟩🟩🟩🟩🟩🟩🌳",
        "🟩🟩🟩🟩🟩🟩🟩🟩🟩🟩🟩🟩🟩🟩🟩🟩🟩🟩🟩🟩",
        "🟩🟩🟩🟩🟩🟩🟩🟩🟩🟩🟩🟩🟩🟩🟩🟩🟩🟩🟩🟩"
    ]
}