{
    "Персонаж": {
        "Мирный житель": {
            "Имя": [
                "Джованни",
                "Альберто",
                "Николло",
                "Массимо",
                "Джакомо",
                "Леонардо",
                "Кристиан",
                "Франческо",
                "Роберто",
                "Маттео"
            ],
            "Фамилия": [
                "Чичиков",
                "Синичкин",
                "Романов",
                "Иванов",
                "Хаматдинов",
                "Макаров",
                "Харионов",
                "Соболев",
                "Стечкин",
                "Тапочкие"
            ]
        },
        "Кондотьер": {
            "Имя": [
                "Иван",
                "Руслан",
                "Николай",
                "Олег",
                "Владимир",
                "Ильнур",
                "Денис",
                "Александр",
                "Федор",
                "Леонид"
            ],
            "Фамилия": [
                "Медичи",
                "да Сан Северино",
                "Сфорца",
                "Пальмери",
                "Мартини",
                "Коста",
                "Риччи",
                "Росси",
                "Фабрици",
                "Луккези"
            ]
        },
        "Корсар": {
            "Имя": [
                "Али",
                "Салим",
                "Джамал",
                "Мустафа",
                "Карим",
                "Ашраф",
                "Самир",
                "Омар",
                "Сулейман",
                "Ахмед"
            ],
            "Фамилия": [
                "Клайд",
                "Воробей",
                "Корлеоне",
                "Романо",
                "Кастилия",
                "Леони",
                "Вендетта",
                "Капоне",
                "Линч",
                "Флойд"
            ]
        }
    },
    "Вещь": {
        "Оружие": {
            "Тип": [
                "Кулак",
                "Кортик",
                "Топор",
                "Булава",
                "Рапира",
                "Сабля",
                "Пистоли",
                "Парные пистоли",
                "Ружье"
            ],
            "Атрибут": [
                "Острый",
                "Тяжелый",
                "Древний",
                "Мифический",
                "Легендарный"
            ]
        },
        "Продукт": {
            "Тип": [
                "Мясо",
                "Рыба",
                "Фрукт"
            ],
            "Атрибут": [
                "Свежий",
                "Кислый",
                "Жареный",
                "Вкусный"
            ]
        },
        "Предмет": {
            "Тип": [
                "Шляпа",
                "Берет",
                "Удостоверение"
            ],
            "Атрибут": [
                "Корсара",
                "Кондотьера",
                "Черный"
            ]
        }
    }
}